year,process_index,process_name,gwp_contribution,abs_contribution,coef_gwp,s
2025,543,"Forest residue, processed and loaded, at landing system",2465738260603.1616,2465738260603.1616,7008.968797465056,351797579.9086092
2025,358,"Electricity, coal (life cycle)",163547339016.2414,163547339016.2414,1000.9430000000001,163393259.1728414
2025,227,"Heat, Natural Gas",134450902458.07504,134450902458.07504,0.0602,2233403695316.8613
2025,522,Plastic Incineration CO2 to the atmosphere,98094961913.87444,98094961913.87444,1.0,98094961913.87444
2025,541,Steam Cracker CO2 to the atmosphere,95709206602.24,95709206602.24,1.0,95709206602.24
2026,543,"Forest residue, processed and loaded, at landing system",2431776999242.0557,2431776999242.0557,6728.968797465056,361389251.82089674
2026,358,"Electricity, coal (life cycle)",168802661611.86133,168802661611.86133,1000.9430000000001,168643630.66814125
2026,227,"Heat, Natural Gas",139482760494.42706,139482760494.42706,0.0602,2316989376983.8384
2026,522,Plastic Incineration CO2 to the atmosphere,101662051438.0153,101662051438.0153,1.0,101662051438.0153
2026,541,Steam Cracker CO2 to the atmosphere,99189541387.776,99189541387.776,1.0,99189541387.776
2027,543,"Forest residue, processed and loaded, at landing system",2412363026582.462,2412363026582.462,6448.968797465056,374069576.446192
2027,358,"Electricity, coal (life cycle)",174054189005.11902,174054189005.11902,1000.9430000000001,173890210.536583
2027,227,"Heat, Natural Gas",144376892441.59995,144376892441.59995,0.0602,2398287249860.4644
2027,522,Plastic Incineration CO2 to the atmosphere,105229140962.15617,105229140962.15617,1.0,105229140962.15617
2027,541,Steam Cracker CO2 to the atmosphere,102669876173.312,102669876173.312,1.0,102669876173.312
2028,543,"Forest residue, processed and loaded, at landing system",2385848072132.859,2385848072132.859,6168.968797465056,386749901.07151264
2028,358,"Electricity, coal (life cycle)",179259692918.58542,179259692918.58542,1000.9430000000001,179090810.28448713
2028,227,"Heat, Natural Gas",149271024388.77368,149271024388.77368,0.0602,2479585122737.1045
2028,522,Plastic Incineration CO2 to the atmosphere,108796230486.2971,108796230486.2971,1.0,108796230486.2971
2028,541,Steam Cracker CO2 to the atmosphere,106150210958.84799,106150210958.84799,1.0,106150210958.84799
2029,543,"Forest residue, processed and loaded, at landing system",2331397486701.1924,2331397486701.1924,5888.968797465056,395892314.407364
2029,358,"Electricity, coal (life cycle)",184373103955.9043,184373103955.9043,1000.9430000000001,184199403.9180096
2029,227,"Heat, Natural Gas",154322915310.82465,154322915310.82465,0.0602,2563503576591.7715
2029,522,Plastic Incineration CO2 to the atmosphere,112363320010.43796,112363320010.43796,1.0,112363320010.43796
2029,541,Steam Cracker CO2 to the atmosphere,109630545744.384,109630545744.384,1.0,109630545744.384
2030,543,"Forest residue, processed and loaded, at landing system",2291041214497.836,2291041214497.836,5608.968797465056,408460324.3885507
2030,358,"Electricity, coal (life cycle)",189486756799.6861,189486756799.6861,1000.9430000000001,189308239.13018632
2030,227,"Heat, Natural Gas",159222055479.42227,159222055479.42227,0.0602,2644884642515.3203
2030,522,Plastic Incineration CO2 to the atmosphere,115930409534.57887,115930409534.57887,1.0,115930409534.57887
2030,541,Steam Cracker CO2 to the atmosphere,113110880529.91998,113110880529.91998,1.0,113110880529.91998
2031,543,"Forest residue, processed and loaded, at landing system",2293877756481.836,2293877756481.836,5328.968797465056,430454341.85559756
2031,358,"Electricity, coal (life cycle)",197492551369.4248,197492551369.4248,1000.9430000000001,197306491.34808356
2031,227,"Heat, Natural Gas",167795550774.46692,167795550774.46692,0.0602,2787301507881.5103
2031,522,Plastic Incineration CO2 to the atmosphere,122172816201.82541,122172816201.82541,1.0,122172816201.82541
2031,541,Steam Cracker CO2 to the atmosphere,119201466404.60799,119201466404.60799,1.0,119201466404.60799
2032,543,"Forest residue, processed and loaded, at landing system",2284397648684.584,2284397648684.584,5048.968797465056,452448359.3227027
2032,358,"Electricity, coal (life cycle)",205273800400.1724,205273800400.1724,1000.9430000000001,205080409.57394415
2032,227,"Heat, Natural Gas",176369046069.51382,176369046069.51382,0.0602,2929718373247.7383
2032,522,Plastic Incineration CO2 to the atmosphere,128415222869.07198,128415222869.07198,1.0,128415222869.07198
2032,541,Steam Cracker CO2 to the atmosphere,125292052279.29599,125292052279.29599,1.0,125292052279.29599
2033,543,"Forest residue, processed and loaded, at landing system",2262600891105.4624,2262600891105.4624,4768.968797465056,474442376.78974694
2033,358,"Electricity, coal (life cycle)",212830503891.92737,212830503891.92737,1000.9430000000001,212629993.80776662
2033,227,"Heat, Natural Gas",184942541364.55847,184942541364.55847,0.0602,3072135238613.928
2033,522,Plastic Incineration CO2 to the atmosphere,134657629536.3185,134657629536.3185,1.0,134657629536.3185
2033,541,Steam Cracker CO2 to the atmosphere,131382638153.98401,131382638153.98401,1.0,131382638153.98401
2034,543,"Forest residue, processed and loaded, at landing system",2228487483744.9272,2228487483744.9272,4488.968797465056,496436394.2568204
2034,358,"Electricity, coal (life cycle)",220162661844.6911,220162661844.6911,1000.9430000000001,219955244.04955235
2034,227,"Heat, Natural Gas",193516036659.60434,193516036659.60434,0.0602,3214552103980.1387
2034,522,Plastic Incineration CO2 to the atmosphere,140900036203.5651,140900036203.5651,1.0,140900036203.5651
2034,541,Steam Cracker CO2 to the atmosphere,137473224028.672,137473224028.672,1.0,137473224028.672
2035,543,"Forest residue, processed and loaded, at landing system",2182057426602.986,2182057426602.986,4208.968797465055,518430411.7239307
2035,358,"Electricity, coal (life cycle)",227270959329.53918,227270959329.53918,1000.9430000000001,227056844.72496352
2035,227,"Heat, Natural Gas",202089531954.65137,202089531954.65137,0.0602,3356968969346.3687
2035,522,Plastic Incineration CO2 to the atmosphere,147142442870.8116,147142442870.8116,1.0,147142442870.8116
2035,541,Steam Cracker CO2 to the atmosphere,143563809903.36002,143563809903.36002,1.0,143563809903.36002
2036,543,"Forest residue, processed and loaded, at landing system",2123310719679.3252,2123310719679.3252,3928.9687974650556,540424429.1910058
2036,358,"Electricity, coal (life cycle)",230749061030.5785,230749061030.5785,1000.9430000000001,230531669.66608337
2036,227,"Heat, Natural Gas",210663027249.69724,210663027249.69724,0.0602,3499385834712.5786
2036,522,Plastic Incineration CO2 to the atmosphere,153384849538.05817,153384849538.05817,1.0,153384849538.05817
2036,541,Steam Cracker CO2 to the atmosphere,149654395778.048,149654395778.048,1.0,149654395778.048
2037,543,"Forest residue, processed and loaded, at landing system",2070587373249.404,2070587373249.404,3648.9687974650556,567444526.9819365
2037,358,"Electricity, coal (life cycle)",233785211150.26303,233785211150.26303,1000.9430000000001,233564959.3935549
2037,227,"Heat, Natural Gas",219012404635.98633,219012404635.98633,0.0602,3638079811229.009
2037,522,Plastic Incineration CO2 to the atmosphere,159627256205.30472,159627256205.30472,1.0,159627256205.30472
2037,541,Steam Cracker CO2 to the atmosphere,155744981652.73602,155744981652.73602,1.0,155744981652.73602
2038,543,"Forest residue, processed and loaded, at landing system",1986462237202.058,1986462237202.058,3368.968797465055,589635095.0761998
2038,358,"Electricity, coal (life cycle)",236260574168.2552,236260574168.2552,1000.9430000000001,236037990.34336138
2038,227,"Heat, Natural Gas",227577135543.539,227577135543.539,0.0602,3780351088763.1064
2038,522,Plastic Incineration CO2 to the atmosphere,165869662872.55127,165869662872.55127,1.0,165869662872.55127
2038,541,Steam Cracker CO2 to the atmosphere,161835567527.424,161835567527.424,1.0,161835567527.424
2039,543,"Forest residue, processed and loaded, at landing system",1889910383021.937,1889910383021.937,3088.9687974650556,611825663.1704668
2039,358,"Electricity, coal (life cycle)",238234915834.0069,238234915834.0069,1000.9430000000001,238010471.9589496
2039,227,"Heat, Natural Gas",236141866451.09143,236141866451.09143,0.0602,3922622366297.2
2039,522,Plastic Incineration CO2 to the atmosphere,172112069539.79782,172112069539.79782,1.0,172112069539.79782
2039,541,Steam Cracker CO2 to the atmosphere,167926153402.112,167926153402.112,1.0,167926153402.112
2040,543,"Forest residue, processed and loaded, at landing system",1780931810709.1414,1780931810709.1414,2808.9687974650556,634016231.2647749
2040,227,"Heat, Natural Gas",244706597358.64563,244706597358.64563,0.0602,4064893643831.3228
2040,358,"Electricity, coal (life cycle)",239706662162.78238,239706662162.78238,1000.9430000000001,239480831.738453
2040,522,Plastic Incineration CO2 to the atmosphere,178354476207.0444,178354476207.0444,1.0,178354476207.0444
2040,541,Steam Cracker CO2 to the atmosphere,174016739276.80002,174016739276.80002,1.0,174016739276.80002
2041,543,"Forest residue, processed and loaded, at landing system",1668665517154.0862,1668665517154.0862,2528.9687974650556,659820524.0122751
2041,227,"Heat, Natural Gas",257204858851.37436,257204858851.37436,0.0602,4272505960986.285
2041,358,"Electricity, coal (life cycle)",243619121812.6964,243619121812.6964,1000.9430000000001,243389605.41479024
2041,522,Plastic Incineration CO2 to the atmosphere,187272200017.39664,187272200017.39664,1.0,187272200017.39664
2041,541,Steam Cracker CO2 to the atmosphere,182717576240.64,182717576240.64,1.0,182717576240.64
2042,543,"Forest residue, processed and loaded, at landing system",1554578426165.3374,1554578426165.3374,2248.968797465055,691240548.9651942
2042,227,"Heat, Natural Gas",269452709272.8668,269452709272.8668,0.0602,4475958625795.13
2042,358,"Electricity, coal (life cycle)",246829281836.0359,246829281836.0359,1000.9430000000001,246596741.10916993
2042,522,Plastic Incineration CO2 to the atmosphere,196189923827.74887,196189923827.74887,1.0,196189923827.74887
2042,541,Steam Cracker CO2 to the atmosphere,191418413204.48,191418413204.48,1.0,191418413204.48
2043,543,"Forest residue, processed and loaded, at landing system",1410180339492.435,1410180339492.435,1968.9687974650549,716202481.8818709
2043,227,"Heat, Natural Gas",281988532426.2806,281988532426.2806,0.0602,4684194890802.003
2043,358,"Electricity, coal (life cycle)",249213719376.5632,249213719376.5632,1000.9430000000001,248978932.2434576
2043,522,Plastic Incineration CO2 to the atmosphere,205107647638.10107,205107647638.10107,1.0,205107647638.10107
2043,541,Steam Cracker CO2 to the atmosphere,200119250168.31998,200119250168.31998,1.0,200119250168.31998
2044,543,"Forest residue, processed and loaded, at landing system",1262236846503.228,1262236846503.228,1688.9687974650553,747341720.2246116
2044,227,"Heat, Natural Gas",294248903401.33813,294248903401.33813,0.0602,4887855538228.209
2044,358,"Electricity, coal (life cycle)",250896866927.5275,250896866927.5275,1000.9430000000001,250660494.0816085
2044,522,Plastic Incineration CO2 to the atmosphere,214025371448.45328,214025371448.45328,1.0,214025371448.45328
2044,541,Steam Cracker CO2 to the atmosphere,208820087132.15997,208820087132.15997,1.0,208820087132.15997
2045,543,"Forest residue, processed and loaded, at landing system",1086964890726.4196,1086964890726.4196,1408.9687974650556,771461293.3104204
2045,227,"Heat, Natural Gas",306822288215.4357,306822288215.4357,0.0602,5096715751086.973
2045,358,"Electricity, coal (life cycle)",251754781582.27527,251754781582.27527,1000.9430000000001,251517600.48501787
2045,522,Plastic Incineration CO2 to the atmosphere,222943095258.8055,222943095258.8055,1.0,222943095258.8055
2045,541,Steam Cracker CO2 to the atmosphere,217520924096.0,217520924096.0,1.0,217520924096.0
2046,543,"Forest residue, processed and loaded, at landing system",905793957743.5392,905793957743.5392,1128.968797465055,802319745.0428883
2046,227,"Heat, Natural Gas",319095179744.055,319095179744.055,0.0602,5300584381130.481
2046,358,"Electricity, coal (life cycle)",252787596174.30768,252787596174.30768,1000.9430000000001,252549442.05045408
2046,522,Plastic Incineration CO2 to the atmosphere,231860819069.15775,231860819069.15775,1.0,231860819069.15775
2046,541,Steam Cracker CO2 to the atmosphere,226221761059.83997,226221761059.83997,1.0,226221761059.83997
2047,543,"Forest residue, processed and loaded, at landing system",707342291790.3905,707342291790.3905,848.9687974650556,833178196.7752537
2047,227,"Heat, Natural Gas",331368071272.6706,331368071272.6706,0.0602,5504453011173.931
2047,358,"Electricity, coal (life cycle)",253126348404.89023,253126348404.89023,1000.9430000000001,252887875.13863447
2047,522,Plastic Incineration CO2 to the atmosphere,240778542879.50995,240778542879.50995,1.0,240778542879.50995
2047,541,Steam Cracker CO2 to the atmosphere,234922598023.68,234922598023.68,1.0,234922598023.68
2048,543,"Forest residue, processed and loaded, at landing system",487136645907.4187,487136645907.4187,568.9687974650553,856174623.4200785
2048,227,"Heat, Natural Gas",343991538301.01874,343991538301.01874,0.0602,5714145154501.973
2048,358,"Electricity, coal (life cycle)",252704998079.49118,252704998079.49118,1000.9430000000001,252466921.77225992
2048,522,Plastic Incineration CO2 to the atmosphere,249696266689.86215,249696266689.86215,1.0,249696266689.86215
2048,541,Steam Cracker CO2 to the atmosphere,243623434987.52,243623434987.52,1.0,243623434987.52
2049,227,"Heat, Natural Gas",356276950383.19586,356276950383.19586,0.0602,5918221767162.723
2049,522,Plastic Incineration CO2 to the atmosphere,258613990500.21442,258613990500.21442,1.0,258613990500.21442
2049,543,"Forest residue, processed and loaded, at landing system",256243742469.41406,256243742469.41406,288.968797465055,886752288.5421622
2049,541,Steam Cracker CO2 to the atmosphere,252324271951.36002,252324271951.36002,1.0,252324271951.36002
2049,358,"Electricity, coal (life cycle)",251652571581.55447,251652571581.55447,1000.9430000000001,251415486.77752325
2050,227,"Heat, Natural Gas",368562362465.37506,368562362465.37506,0.0602,6122298379823.507
2050,522,Plastic Incineration CO2 to the atmosphere,267531714310.5666,267531714310.5666,1.0,267531714310.5666
2050,541,Steam Cracker CO2 to the atmosphere,261025108915.2,261025108915.2,1.0,261025108915.2
2050,358,"Electricity, coal (life cycle)",249905137842.18564,249905137842.18564,1000.9430000000001,249669699.31573087
2050,649,"Petroleum refining, at refinery",106620784964.34189,106620784964.34189,0.011409594630995907,9344835501402.498
2051,227,"Heat, Natural Gas",381235911707.97034,381235911707.97034,0.0602,6332822453620.7705
2051,522,Plastic Incineration CO2 to the atmosphere,276449438120.9188,276449438120.9188,1.0,276449438120.9188
2051,541,Steam Cracker CO2 to the atmosphere,269725945879.03998,269725945879.03998,1.0,269725945879.03998
2051,358,"Electricity, coal (life cycle)",248310529380.40842,248310529380.40842,1000.9430000000001,248076593.15306506
2051,649,"Petroleum refining, at refinery",109159232859.66882,109159232859.66882,0.011409594630995907,9567319119569.865
2052,227,"Heat, Natural Gas",393934502057.6873,393934502057.6873,0.0602,6543762492652.613
2052,522,Plastic Incineration CO2 to the atmosphere,285367161931.271,285367161931.271,1.0,285367161931.271
2052,541,Steam Cracker CO2 to the atmosphere,278426782842.88,278426782842.88,1.0,278426782842.88
2052,358,"Electricity, coal (life cycle)",246082083117.24857,246082083117.24857,1000.9430000000001,245850246.33495468
2052,543,"Forest residue, processed and loaded, at landing system",-145067726569.53265,145067726569.53265,-151.0312025349443,960514940.8511671
2053,227,"Heat, Natural Gas",406658133514.525,406658133514.525,0.0602,6755118496919.0205
2053,522,Plastic Incineration CO2 to the atmosphere,294284885741.6232,294284885741.6232,1.0,294284885741.6232
2053,541,Steam Cracker CO2 to the atmosphere,287127619806.72003,287127619806.72003,1.0,287127619806.72003
2053,358,"Electricity, coal (life cycle)",243217668497.02536,243217668497.02536,1000.9430000000001,242988530.31294024
2053,543,"Forest residue, processed and loaded, at landing system",-226702850193.53976,226702850193.53976,-231.0312025349443,981265074.6136775
2054,227,"Heat, Natural Gas",418629855688.60065,418629855688.60065,0.0602,6953984313764.131
2054,543,"Forest residue, processed and loaded, at landing system",-311482465650.9527,311482465650.9527,-311.0312025349443,1001450861.2394208
2054,522,Plastic Incineration CO2 to the atmosphere,303202609551.9754,303202609551.9754,1.0,303202609551.9754
2054,541,Steam Cracker CO2 to the atmosphere,295828456770.56,295828456770.56,1.0,295828456770.56
2054,358,"Electricity, coal (life cycle)",239693708040.90668,239693708040.90668,1000.9430000000001,239467889.82080564
2055,227,"Heat, Natural Gas",431742300374.91754,431742300374.91754,0.0602,7171799009550.126
2055,543,"Forest residue, processed and loaded, at landing system",-403117255097.8976,403117255097.8976,-391.0312025349443,1030908153.8368366
2055,522,Plastic Incineration CO2 to the atmosphere,312120333362.3277,312120333362.3277,1.0,312120333362.3277
2055,541,Steam Cracker CO2 to the atmosphere,304529293734.4,304529293734.4,1.0,304529293734.4
2055,358,"Electricity, coal (life cycle)",235647762530.2579,235647762530.2579,1000.9430000000001,235425756.04230997
2056,543,"Forest residue, processed and loaded, at landing system",-494702571590.3301,494702571590.3301,-471.0312025349443,1050254354.5480506
2056,227,"Heat, Natural Gas",444528534599.56635,444528534599.56635,0.0602,7384194926903.096
2056,522,Plastic Incineration CO2 to the atmosphere,321038057172.67993,321038057172.67993,1.0,321038057172.67993
2056,541,Steam Cracker CO2 to the atmosphere,313230130698.24,313230130698.24,1.0,313230130698.24
2056,358,"Electricity, coal (life cycle)",232562169513.92072,232562169513.92072,1000.9430000000001,232343069.9989117
2057,543,"Forest residue, processed and loaded, at landing system",-589073835829.5275,589073835829.5275,-551.0312025349443,1069038982.0387179
2057,227,"Heat, Natural Gas",457339809931.3387,457339809931.3387,0.0602,7597006809490.676
2057,522,Plastic Incineration CO2 to the atmosphere,329955780983.03217,329955780983.03217,1.0,329955780983.03217
2057,541,Steam Cracker CO2 to the atmosphere,321930967662.0801,321930967662.0801,1.0,321930967662.0801
2057,358,"Electricity, coal (life cycle)",228937716535.70648,228937716535.70648,1000.9430000000001,228722031.65985122
2058,543,"Forest residue, processed and loaded, at landing system",-692829304511.2949,692829304511.2949,-631.0312025349443,1097931927.4991453
2058,227,"Heat, Natural Gas",469700345334.8854,469700345334.8854,0.0602,7802331317855.239
2058,522,Plastic Incineration CO2 to the atmosphere,338873504793.3844,338873504793.3844,1.0,338873504793.3844
2058,541,Steam Cracker CO2 to the atmosphere,330631804625.92004,330631804625.92004,1.0,330631804625.92004
2058,358,"Electricity, coal (life cycle)",224828675117.29077,224828675117.29077,1000.9430000000001,224616861.41697454
2059,543,"Forest residue, processed and loaded, at landing system",-793421370861.6116,793421370861.6116,-711.0312025349443,1115874195.1589925
2059,227,"Heat, Natural Gas",482549182327.3429,482549182327.3429,0.0602,8015767148294.733
2059,522,Plastic Incineration CO2 to the atmosphere,347791228603.7366,347791228603.7366,1.0,347791228603.7366
2059,541,Steam Cracker CO2 to the atmosphere,339332641589.76,339332641589.76,1.0,339332641589.76
2059,358,"Electricity, coal (life cycle)",220122002300.60815,220122002300.60815,1000.9430000000001,219914622.8112971
2060,543,"Forest residue, processed and loaded, at landing system",-905324416896.814,905324416896.814,-791.0312025349443,1144486354.0093043
2060,227,"Heat, Natural Gas",494922238284.4572,494922238284.4572,0.0602,8221299639276.698
2060,522,Plastic Incineration CO2 to the atmosphere,356708952414.0888,356708952414.0888,1.0,356708952414.0888
2060,541,Steam Cracker CO2 to the atmosphere,348033478553.60004,348033478553.60004,1.0,348033478553.60004
2060,358,"Electricity, coal (life cycle)",214932084256.1061,214932084256.1061,1000.9430000000001,214729594.24872953
2061,543,"Forest residue, processed and loaded, at landing system",-999439123881.2915,999439123881.2915,-871.0312025349443,1147420575.7183487
2061,227,"Heat, Natural Gas",501615848682.2635,501615848682.2635,0.0602,8332489180768.497
2061,522,Plastic Incineration CO2 to the atmosphere,361167814319.2649,361167814319.2649,1.0,361167814319.2649
2061,541,Steam Cracker CO2 to the atmosphere,352383897035.52,352383897035.52,1.0,352383897035.52
2061,358,"Electricity, coal (life cycle)",208112828615.08783,208112828615.08783,1000.9430000000001,207916763.10747746
2062,543,"Forest residue, processed and loaded, at landing system",-1093756269511.5975,1093756269511.5975,-951.0312025349443,1150074010.8171256
2062,227,"Heat, Natural Gas",508321979633.63165,508321979633.63165,0.0602,8443886704877.603
2062,522,Plastic Incineration CO2 to the atmosphere,365626676224.44104,365626676224.44104,1.0,365626676224.44104
2062,541,Steam Cracker CO2 to the atmosphere,356734315517.44,356734315517.44,1.0,356734315517.44
2062,358,"Electricity, coal (life cycle)",201065400232.25638,201065400232.25638,1000.9430000000001,200875974.18859652
2063,543,"Forest residue, processed and loaded, at landing system",-1188208465001.1692,1188208465001.1692,-1031.0312025349442,1152446659.3055391
2063,227,"Heat, Natural Gas",515040631138.55804,515040631138.55804,0.0602,8555492211603.955
2063,522,Plastic Incineration CO2 to the atmosphere,370085538129.6171,370085538129.6171,1.0,370085538129.6171
2063,541,Steam Cracker CO2 to the atmosphere,361084733999.36,361084733999.36,1.0,361084733999.36
2063,358,"Electricity, coal (life cycle)",193786602301.72757,193786602301.72757,1000.9430000000001,193604033.6979504
2064,543,"Forest residue, processed and loaded, at landing system",-1282728321563.8164,1282728321563.8164,-1111.0312025349442,1154538521.1838567
2064,227,"Heat, Natural Gas",521771803197.05273,521771803197.05273,0.0602,8667305700947.721
2064,522,Plastic Incineration CO2 to the atmosphere,374544400034.7933,374544400034.7933,1.0,374544400034.7933
2064,541,Steam Cracker CO2 to the atmosphere,365435152481.28,365435152481.28,1.0,365435152481.28
2064,358,"Electricity, coal (life cycle)",186280026561.14957,186280026561.14957,1000.9430000000001,186104529.98936957
2065,543,"Forest residue, processed and loaded, at landing system",-1391461539011.4966,1391461539011.4966,-1191.0312025349442,1168283027.3883374
2065,227,"Heat, Natural Gas",527983372282.72894,527983372282.72894,0.0602,8770487911673.239
2065,522,Plastic Incineration CO2 to the atmosphere,379003261939.9694,379003261939.9694,1.0,379003261939.9694
2065,541,Steam Cracker CO2 to the atmosphere,369785570963.2,369785570963.2,1.0,369785570963.2
2065,358,"Electricity, coal (life cycle)",178587637413.62775,178587637413.62775,1000.9430000000001,178419387.93080896
2066,543,"Forest residue, processed and loaded, at landing system",-1487047670106.821,1487047670106.821,-1271.0312025349442,1169953709.3511581
2066,227,"Heat, Natural Gas",534733325171.5627,534733325171.5627,0.0602,8882613374942.902
2066,522,Plastic Incineration CO2 to the atmosphere,383462123845.1455,383462123845.1455,1.0,383462123845.1455
2066,541,Steam Cracker CO2 to the atmosphere,374135989445.12,374135989445.12,1.0,374135989445.12
2066,358,"Electricity, coal (life cycle)",170620615727.63333,170620615727.63333,1000.9430000000001,170459872.06827292
2067,543,"Forest residue, processed and loaded, at landing system",-1582521758844.5776,1582521758844.5776,-1351.0312025349442,1171343604.70379
2067,227,"Heat, Natural Gas",541495798613.96185,541495798613.96185,0.0602,8994946820829.932
2067,522,Plastic Incineration CO2 to the atmosphere,387920985750.3216,387920985750.3216,1.0,387920985750.3216
2067,541,Steam Cracker CO2 to the atmosphere,378486407927.04004,378486407927.04004,1.0,378486407927.04004
2067,358,"Electricity, coal (life cycle)",162424591589.05923,162424591589.05923,1000.9430000000001,162271569.49902165
2068,543,"Forest residue, processed and loaded, at landing system",-1695496250062.509,1695496250062.509,-1431.0312025349442,1184807324.2980926
2068,227,"Heat, Natural Gas",547719888253.20306,547719888253.20306,0.0602,9098337014172.809
2068,522,Plastic Incineration CO2 to the atmosphere,392379847655.49774,392379847655.49774,1.0,392379847655.49774
2068,541,Steam Cracker CO2 to the atmosphere,382836826408.96,382836826408.96,1.0,382836826408.96
2068,358,"Electricity, coal (life cycle)",154036965691.61273,154036965691.61273,1000.9430000000001,153891845.68113542
2069,543,"Forest residue, processed and loaded, at landing system",-1791744595258.0977,1791744595258.0977,-1511.0312025349442,1185776039.7351303
2069,227,"Heat, Natural Gas",554501142525.9379,554501142525.9379,0.0602,9210982433985.68
2069,522,Plastic Incineration CO2 to the atmosphere,396838709560.6738,396838709560.6738,1.0,396838709560.6738
2069,541,Steam Cracker CO2 to the atmosphere,387187244890.88,387187244890.88,1.0,387187244890.88
2069,358,"Electricity, coal (life cycle)",145381263442.72864,145381263442.72864,1000.9430000000001,145244298.06964895
2070,543,"Forest residue, processed and loaded, at landing system",-1907804506284.6575,1907804506284.6575,-1591.0312025349442,1199099366.0243793
2070,227,"Heat, Natural Gas",560731492441.9629,560731492441.9629,0.0602,9314476618637.258
2070,522,Plastic Incineration CO2 to the atmosphere,401297571465.8498,401297571465.8498,1.0,401297571465.8498
2070,541,Steam Cracker CO2 to the atmosphere,391537663372.80005,391537663372.80005,1.0,391537663372.80005
2070,649,"Petroleum refining, at refinery",139292006149.89288,139292006149.89288,0.011409594630995907,12208322088103.365
2071,543,"Forest residue, processed and loaded, at landing system",-1998038676800.741,1998038676800.741,-1671.0312025349442,1195692021.6508994
2071,227,"Heat, Natural Gas",565660544487.2035,565660544487.2035,0.0602,9396354559588.098
2071,522,Plastic Incineration CO2 to the atmosphere,404418774799.47327,404418774799.47327,1.0,404418774799.47327
2071,541,Steam Cracker CO2 to the atmosphere,394582956310.14404,394582956310.14404,1.0,394582956310.14404
2071,649,"Petroleum refining, at refinery",138889695692.48456,138889695692.48456,0.011409594630995907,12173061373729.219
2072,543,"Forest residue, processed and loaded, at landing system",-2109852647429.9856,2109852647429.9856,-1751.0312025349442,1204920074.7397194
2072,227,"Heat, Natural Gas",570026171622.1655,570026171622.1655,0.0602,9468873282760.225
2072,522,Plastic Incineration CO2 to the atmosphere,407539978133.09644,407539978133.09644,1.0,407539978133.09644
2072,541,Steam Cracker CO2 to the atmosphere,397628249247.48804,397628249247.48804,1.0,397628249247.48804
2072,649,"Petroleum refining, at refinery",139961611756.26343,139961611756.26343,0.011409594630995907,12267010028212.248
2073,543,"Forest residue, processed and loaded, at landing system",-2223143106553.4326,2223143106553.4326,-1831.0312025349442,1214148127.8285344
2073,227,"Heat, Natural Gas",574391798757.127,574391798757.127,0.0602,9541392005932.342
2073,522,Plastic Incineration CO2 to the atmosphere,410661181466.7198,410661181466.7198,1.0,410661181466.7198
2073,541,Steam Cracker CO2 to the atmosphere,400673542184.83203,400673542184.83203,1.0,400673542184.83203
2073,649,"Petroleum refining, at refinery",141033527820.04218,141033527820.04218,0.011409594630995907,12360958682695.27
2074,543,"Forest residue, processed and loaded, at landing system",-2313012186601.1406,2313012186601.1406,-1911.0312025349442,1210347682.2005715
2074,227,"Heat, Natural Gas",579338379577.3506,579338379577.3506,0.0602,9623561122547.352
2074,522,Plastic Incineration CO2 to the atmosphere,413782384800.3429,413782384800.3429,1.0,413782384800.3429
2074,541,Steam Cracker CO2 to the atmosphere,403718835122.176,403718835122.176,1.0,403718835122.176
2074,649,"Petroleum refining, at refinery",140585352537.53027,140585352537.53027,0.011409594630995907,12321678121290.014
2075,543,"Forest residue, processed and loaded, at landing system",-2428017673600.0547,2428017673600.0547,-1991.0312025349442,1219477459.9758894
2075,227,"Heat, Natural Gas",583708388906.0623,583708388906.0623,0.0602,9696152639635.586
2075,522,Plastic Incineration CO2 to the atmosphere,416903588133.9663,416903588133.9663,1.0,416903588133.9663
2075,541,Steam Cracker CO2 to the atmosphere,406764128059.51996,406764128059.51996,1.0,406764128059.51996
2075,649,"Petroleum refining, at refinery",141645802395.03317,141645802395.03317,0.011409594630995907,12414621814015.26
2076,543,"Forest residue, processed and loaded, at landing system",-2470767490777.751,2470767490777.751,-2011.0312025349442,1228607237.75111
2076,227,"Heat, Natural Gas",588078398234.7703,588078398234.7703,0.0602,9768744156723.76
2076,522,Plastic Incineration CO2 to the atmosphere,420024791467.58954,420024791467.58954,1.0,420024791467.58954
2076,541,Steam Cracker CO2 to the atmosphere,409809420996.86395,409809420996.86395,1.0,409809420996.86395
2076,649,"Petroleum refining, at refinery",142706252252.5361,142706252252.5361,0.011409594630995907,12507565506740.508
2077,543,"Forest residue, processed and loaded, at landing system",-2513882499066.4565,2513882499066.4565,-2031.0312025349442,1237737015.5263307
2077,227,"Heat, Natural Gas",592448407563.479,592448407563.479,0.0602,9841335673811.943
2077,522,Plastic Incineration CO2 to the atmosphere,423145994801.21277,423145994801.21277,1.0,423145994801.21277
2077,541,Steam Cracker CO2 to the atmosphere,412854713934.208,412854713934.208,1.0,412854713934.208
2077,649,"Petroleum refining, at refinery",143766702110.03903,143766702110.03903,0.011409594630995907,12600509199465.756
2078,543,"Forest residue, processed and loaded, at landing system",-2557362698465.967,2557362698465.967,-2051.0312025349444,1246866793.301452
2078,227,"Heat, Natural Gas",596818416892.184,596818416892.184,0.0602,9913927190900.066
2078,522,Plastic Incineration CO2 to the atmosphere,426267198134.8361,426267198134.8361,1.0,426267198134.8361
2078,541,Steam Cracker CO2 to the atmosphere,415900006871.552,415900006871.552,1.0,415900006871.552
2078,649,"Petroleum refining, at refinery",144827151967.54193,144827151967.54193,0.011409594630995907,12693452892191.004
2079,543,"Forest residue, processed and loaded, at landing system",-2573208005407.7744,2573208005407.7744,-2071.0312025349444,1242476695.7920117
2079,227,"Heat, Natural Gas",601791290874.89,601791290874.89,0.0602,9996533071011.463
2079,522,Plastic Incineration CO2 to the atmosphere,429388401468.4594,429388401468.4594,1.0,429388401468.4594
2079,541,Steam Cracker CO2 to the atmosphere,418945299808.896,418945299808.896,1.0,418945299808.896
2079,649,"Petroleum refining, at refinery",144310179447.37466,144310179447.37466,0.011409594630995907,12648142560239.082
2080,543,"Forest residue, processed and loaded, at landing system",-2616942692776.861,2616942692776.861,-2091.0312025349444,1251508198.2537405
2080,227,"Heat, Natural Gas",606165682397.349,606165682397.349,0.0602,10069197382015.764
2080,522,Plastic Incineration CO2 to the atmosphere,432509604802.0827,432509604802.0827,1.0,432509604802.0827
2080,541,Steam Cracker CO2 to the atmosphere,421990592746.24,421990592746.24,1.0,421990592746.24
2080,649,"Petroleum refining, at refinery",145359163098.60168,145359163098.60168,0.011409594630995907,12740081291206.553
2081,543,"Forest residue, processed and loaded, at landing system",-2655591273529.0444,2655591273529.0444,-2111.0312025349444,1257959271.440511
2081,227,"Heat, Natural Gas",609290247770.5272,609290247770.5272,0.0602,10121100461304.44
2081,522,Plastic Incineration CO2 to the atmosphere,434739035754.67065,434739035754.67065,1.0,434739035754.67065
2081,541,Steam Cracker CO2 to the atmosphere,424165801987.19995,424165801987.19995,1.0,424165801987.19995
2081,649,"Petroleum refining, at refinery",146108437135.19238,146108437135.19238,0.011409594630995907,12805751813326.172
2082,543,"Forest residue, processed and loaded, at landing system",-2665178010849.346,2665178010849.346,-2131.0312025349444,1250651800.7239938
2082,227,"Heat, Natural Gas",613028320268.2346,613028320268.2346,0.0602,10183194688841.107
2082,522,Plastic Incineration CO2 to the atmosphere,436968466707.2588,436968466707.2588,1.0,436968466707.2588
2082,541,Steam Cracker CO2 to the atmosphere,426341011228.16,426341011228.16,1.0,426341011228.16
2082,649,"Petroleum refining, at refinery",145252442293.15714,145252442293.15714,0.011409594630995907,12730727689356.875
2083,543,"Forest residue, processed and loaded, at landing system",-2703916511388.8706,2703916511388.8706,-2151.0312025349444,1257032677.2584064
2083,227,"Heat, Natural Gas",616156015779.8114,616156015779.8114,0.0602,10235149763784.242
2083,522,Plastic Incineration CO2 to the atmosphere,439197897659.8469,439197897659.8469,1.0,439197897659.8469
2083,541,Steam Cracker CO2 to the atmosphere,428516220469.12,428516220469.12,1.0,428516220469.12
2083,649,"Petroleum refining, at refinery",145993526182.40796,145993526182.40796,0.011409594630995907,12795680381649.514
2084,543,"Forest residue, processed and loaded, at landing system",-2742910246989.533,2742910246989.533,-2171.0312025349444,1263413553.792709
2084,227,"Heat, Natural Gas",619283711291.384,619283711291.384,0.0602,10287104838727.31
2084,522,Plastic Incineration CO2 to the atmosphere,441427328612.4348,441427328612.4348,1.0,441427328612.4348
2084,541,Steam Cracker CO2 to the atmosphere,430691429710.07996,430691429710.07996,1.0,430691429710.07996
2084,649,"Petroleum refining, at refinery",146734610071.65875,146734610071.65875,0.011409594630995907,12860633073942.15
2085,543,"Forest residue, processed and loaded, at landing system",-2751552409489.5303,2751552409489.5303,-2191.0312025349444,1255825296.4659212
2085,227,"Heat, Natural Gas",623034304342.6532,623034304342.6532,0.0602,10349407048881.283
2085,522,Plastic Incineration CO2 to the atmosphere,443656759565.023,443656759565.023,1.0,443656759565.023
2085,541,Steam Cracker CO2 to the atmosphere,432866638951.04,432866638951.04,1.0,432866638951.04
2085,649,"Petroleum refining, at refinery",145845854640.26373,145845854640.26373,0.011409594630995907,12782737630664.914
2086,543,"Forest residue, processed and loaded, at landing system",-2790622025546.5747,2790622025546.5747,-2211.0312025349444,1262135976.3476562
2086,227,"Heat, Natural Gas",626165129992.6163,626165129992.6163,0.0602,10401414119478.678
2086,522,Plastic Incineration CO2 to the atmosphere,445886190517.611,445886190517.611,1.0,445886190517.611
2086,541,Steam Cracker CO2 to the atmosphere,435041848192.0,435041848192.0,1.0,435041848192.0
2086,649,"Petroleum refining, at refinery",146578748382.17462,146578748382.17462,0.011409594630995907,12846972493130.566
2087,543,"Forest residue, processed and loaded, at landing system",-2829944068798.905,2829944068798.905,-2231.0312025349444,1268446656.2293987
2087,227,"Heat, Natural Gas",629295955642.5798,629295955642.5798,0.0602,10453421190076.078
2087,522,Plastic Incineration CO2 to the atmosphere,448115621470.1991,448115621470.1991,1.0,448115621470.1991
2087,541,Steam Cracker CO2 to the atmosphere,437217057432.95996,437217057432.95996,1.0,437217057432.95996
2087,649,"Petroleum refining, at refinery",147311642124.0855,147311642124.0855,0.011409594630995907,12911207355596.22
2088,543,"Forest residue, processed and loaded, at landing system",-2837599538487.045,2837599538487.045,-2251.0312025349444,1260577612.2923355
2088,227,"Heat, Natural Gas",633059069247.411,633059069247.411,0.0602,10515931382847.36
2088,522,Plastic Incineration CO2 to the atmosphere,450345052422.78705,450345052422.78705,1.0,450345052422.78705
2088,541,Steam Cracker CO2 to the atmosphere,439392266673.9199,439392266673.9199,1.0,439392266673.9199
2088,649,"Petroleum refining, at refinery",146390126103.33078,146390126103.33078,0.011409594630995907,12830440593011.047
2089,543,"Forest residue, processed and loaded, at landing system",-2876983422865.238,2876983422865.238,-2271.0312025349444,1266818095.5215077
2089,227,"Heat, Natural Gas",636193025035.7643,636193025035.7643,0.0602,10567990449099.074
2089,522,Plastic Incineration CO2 to the atmosphere,452574483375.37524,452574483375.37524,1.0,452574483375.37524
2089,541,Steam Cracker CO2 to the atmosphere,441567475914.88,441567475914.88,1.0,441567475914.88
2089,649,"Petroleum refining, at refinery",147114829697.90176,147114829697.90176,0.011409594630995907,12893957625649.719
2090,543,"Forest residue, processed and loaded, at landing system",-2916616926572.3467,2916616926572.3467,-2291.0312025349444,1273058578.7505705
2090,227,"Heat, Natural Gas",639326980824.1139,639326980824.1139,0.0602,10620049515350.73
2090,522,Plastic Incineration CO2 to the atmosphere,454803914327.9632,454803914327.9632,1.0,454803914327.9632
2090,541,Steam Cracker CO2 to the atmosphere,443742685155.83997,443742685155.83997,1.0,443742685155.83997
2090,649,"Petroleum refining, at refinery",147839533292.4727,147839533292.4727,0.011409594630995907,12957474658288.387
2091,543,"Forest residue, processed and loaded, at landing system",-2884348122044.4775,2884348122044.4775,-2311.0312025349444,1248078398.4572203
2091,227,"Heat, Natural Gas",642488206926.4962,642488206926.4962,0.0602,10672561576852.098
2091,522,Plastic Incineration CO2 to the atmosphere,456141572899.5161,456141572899.5161,1.0,456141572899.5161
2091,541,Steam Cracker CO2 to the atmosphere,445047810700.416,445047810700.416,1.0,445047810700.416
2091,649,"Petroleum refining, at refinery",144922947157.7165,144922947157.7165,0.011409594630995907,12701848912669.62
2092,543,"Forest residue, processed and loaded, at landing system",-2850687396894.754,2850687396894.754,-2331.0312025349444,1222929746.1976035
2092,227,"Heat, Natural Gas",645656945361.0111,645656945361.0111,0.0602,10725198427923.773
2092,522,Plastic Incineration CO2 to the atmosphere,457479231471.06885,457479231471.06885,1.0,457479231471.06885
2092,541,Steam Cracker CO2 to the atmosphere,446352936244.99194,446352936244.99194,1.0,446352936244.99194
2092,649,"Petroleum refining, at refinery",141986704669.34445,141986704669.34445,0.011409594630995907,12444500375466.09
2093,543,"Forest residue, processed and loaded, at landing system",-2849588747124.661,2849588747124.661,-2351.0312025349444,1212059093.0703764
2093,227,"Heat, Natural Gas",648189013646.912,648189013646.912,0.0602,10767259362905.516
2093,522,Plastic Incineration CO2 to the atmosphere,458816890042.62177,458816890042.62177,1.0,458816890042.62177
2093,541,Steam Cracker CO2 to the atmosphere,447658061789.568,447658061789.568,1.0,447658061789.568
2093,649,"Petroleum refining, at refinery",140716338149.9139,140716338149.9139,0.011409594630995907,12333158425071.166
2094,543,"Forest residue, processed and loaded, at landing system",-2813502648271.892,2813502648271.892,-2371.0312025349444,1186615614.869972
2094,227,"Heat, Natural Gas",651370898662.6675,651370898662.6675,0.0602,10820114595725.373
2094,522,Plastic Incineration CO2 to the atmosphere,460154548614.17456,460154548614.17456,1.0,460154548614.17456
2094,541,Steam Cracker CO2 to the atmosphere,448963187334.1439,448963187334.1439,1.0,448963187334.1439
2094,649,"Petroleum refining, at refinery",137745697042.71417,137745697042.71417,0.011409594630995907,12072795002594.303
2095,543,"Forest residue, processed and loaded, at landing system",-2775995988563.249,2775995988563.249,-2391.0312025349444,1161003664.7034004
2095,227,"Heat, Natural Gas",654560296010.5594,654560296010.5594,0.0602,10873094618115.605
2095,522,Plastic Incineration CO2 to the atmosphere,461492207185.7274,461492207185.7274,1.0,461492207185.7274
2095,541,Steam Cracker CO2 to the atmosphere,450268312878.72,450268312878.72,1.0,450268312878.72
2095,649,"Petroleum refining, at refinery",134755399581.89864,134755399581.89864,0.011409594630995907,11810708788532.68
2096,543,"Forest residue, processed and loaded, at landing system",-2737058659680.772,2737058659680.772,-2411.0312025349444,1135223242.570666
2096,227,"Heat, Natural Gas",657757205690.5886,657757205690.5886,0.0602,10926199430076.223
2096,522,Plastic Incineration CO2 to the atmosphere,462829865757.28015,462829865757.28015,1.0,462829865757.28015
2096,541,Steam Cracker CO2 to the atmosphere,451573438423.296,451573438423.296,1.0,451573438423.296
2096,33,"Open Burning, PP",132028345944.42589,132028345944.42589,1.9648979591836733,67193487238.023155
2097,543,"Forest residue, processed and loaded, at landing system",-2696680553306.2236,2696680553306.2236,-2431.0312025349444,1109274348.4716587
2097,227,"Heat, Natural Gas",660961627702.7511,660961627702.7511,0.0602,10979429031607.162
2097,522,Plastic Incineration CO2 to the atmosphere,464167524328.833,464167524328.833,1.0,464167524328.833
2097,541,Steam Cracker CO2 to the atmosphere,452878563967.87195,452878563967.87195,1.0,452878563967.87195
2097,33,"Open Burning, PP",132409930759.29417,132409930759.29417,1.9648979591836733,67387688068.19085
2098,543,"Forest residue, processed and loaded, at landing system",-2690776475108.802,2690776475108.802,-2451.0312025349444,1097814043.4629736
2098,227,"Heat, Natural Gas",663519989151.1351,663519989151.1351,0.0602,11021926730085.303
2098,522,Plastic Incineration CO2 to the atmosphere,465505182900.3859,465505182900.3859,1.0,465505182900.3859
2098,541,Steam Cracker CO2 to the atmosphere,454183689512.448,454183689512.448,1.0,454183689512.448
2098,33,"Open Burning, PP",132791515574.16248,132791515574.16248,1.9648979591836733,67581888898.35856
2099,543,"Forest residue, processed and loaded, at landing system",-2647883704889.402,2647883704889.402,-2471.0312025349444,1071570323.423286
2099,227,"Heat, Natural Gas",666737557744.5413,666737557744.5413,0.0602,11075374713364.473
2099,522,Plastic Incineration CO2 to the atmosphere,466842841471.9387,466842841471.9387,1.0,466842841471.9387
2099,541,Steam Cracker CO2 to the atmosphere,455488815057.0239,455488815057.0239,1.0,455488815057.0239
2099,33,"Open Burning, PP",133173100389.03075,133173100389.03075,1.9648979591836733,67776089728.526245
2100,543,"Forest residue, processed and loaded, at landing system",-2603521516943.9546,2603521516943.9546,-2491.0312025349444,1045158131.4174374
2100,227,"Heat, Natural Gas",669962638670.085,669962638670.085,0.0602,11128947486214.037
2100,522,Plastic Incineration CO2 to the atmosphere,468180500043.4916,468180500043.4916,1.0,468180500043.4916
2100,541,Steam Cracker CO2 to the atmosphere,456793940601.6,456793940601.6,1.0,456793940601.6
2100,33,"Open Burning, PP",133554685203.89903,133554685203.89903,1.9648979591836733,67970290558.69395
