Scenario,Year,Value
SSP1,2025,7.0
SSP1,2026,6.72
SSP1,2027,6.4399999999999995
SSP1,2028,6.16
SSP1,2029,5.88
SSP1,2030,5.6
SSP1,2031,5.32
SSP1,2032,5.04
SSP1,2033,4.76
SSP1,2034,4.4799999999999995
SSP1,2035,4.199999999999999
SSP1,2036,3.92
SSP1,2037,3.6399999999999997
SSP1,2038,3.3599999999999994
SSP1,2039,3.0799999999999996
SSP1,2040,2.8
SSP1,2041,2.5199999999999996
SSP1,2042,2.2399999999999993
SSP1,2043,1.959999999999999
SSP1,2044,1.6799999999999997
SSP1,2045,1.3999999999999995
SSP1,2046,1.1199999999999992
SSP1,2047,0.8399999999999999
SSP1,2048,0.5599999999999996
SSP1,2049,0.27999999999999936
SSP1,2050,0.0
SSP1,2051,-0.08
SSP1,2052,-0.16
SSP1,2053,-0.24
SSP1,2054,-0.32
SSP1,2055,-0.4
SSP1,2056,-0.48
SSP1,2057,-0.56
SSP1,2058,-0.64
SSP1,2059,-0.72
SSP1,2060,-0.8
SSP1,2061,-0.88
SSP1,2062,-0.96
SSP1,2063,-1.04
SSP1,2064,-1.12
SSP1,2065,-1.2
SSP1,2066,-1.28
SSP1,2067,-1.36
SSP1,2068,-1.44
SSP1,2069,-1.52
SSP1,2070,-1.6
SSP1,2071,-1.68
SSP1,2072,-1.76
SSP1,2073,-1.84
SSP1,2074,-1.92
SSP1,2075,-2.0
SSP1,2076,-2.02
SSP1,2077,-2.04
SSP1,2078,-2.06
SSP1,2079,-2.08
SSP1,2080,-2.1
SSP1,2081,-2.12
SSP1,2082,-2.14
SSP1,2083,-2.16
SSP1,2084,-2.18
SSP1,2085,-2.2
SSP1,2086,-2.22
SSP1,2087,-2.24
SSP1,2088,-2.26
SSP1,2089,-2.2800000000000002
SSP1,2090,-2.3
SSP1,2091,-2.32
SSP1,2092,-2.34
SSP1,2093,-2.36
SSP1,2094,-2.38
SSP1,2095,-2.4
SSP1,2096,-2.42
SSP1,2097,-2.44
SSP1,2098,-2.46
SSP1,2099,-2.48
SSP1,2100,-2.5
SSP2,2025,6.0
SSP2,2026,5.96
SSP2,2027,5.92
SSP2,2028,5.88
SSP2,2029,5.84
SSP2,2030,5.8
SSP2,2031,5.76
SSP2,2032,5.72
SSP2,2033,5.68
SSP2,2034,5.64
SSP2,2035,5.6
SSP2,2036,5.56
SSP2,2037,5.52
SSP2,2038,5.48
SSP2,2039,5.4399999999999995
SSP2,2040,5.4
SSP2,2041,5.36
SSP2,2042,5.32
SSP2,2043,5.28
SSP2,2044,5.24
SSP2,2045,5.2
SSP2,2046,5.16
SSP2,2047,5.12
SSP2,2048,5.08
SSP2,2049,5.04
SSP2,2050,5.0
SSP2,2051,4.88
SSP2,2052,4.76
SSP2,2053,4.64
SSP2,2054,4.52
SSP2,2055,4.4
SSP2,2056,4.28
SSP2,2057,4.16
SSP2,2058,4.04
SSP2,2059,3.92
SSP2,2060,3.8
SSP2,2061,3.68
SSP2,2062,3.56
SSP2,2063,3.44
SSP2,2064,3.3200000000000003
SSP2,2065,3.2
SSP2,2066,3.08
SSP2,2067,2.96
SSP2,2068,2.84
SSP2,2069,2.72
SSP2,2070,2.6
SSP2,2071,2.48
SSP2,2072,2.3600000000000003
SSP2,2073,2.24
SSP2,2074,2.12
SSP2,2075,2.0
SSP2,2076,1.9
SSP2,2077,1.8
SSP2,2078,1.7
SSP2,2079,1.6
SSP2,2080,1.5
SSP2,2081,1.4
SSP2,2082,1.2999999999999998
SSP2,2083,1.2
SSP2,2084,1.1
SSP2,2085,1.0
SSP2,2086,0.8999999999999999
SSP2,2087,0.7999999999999998
SSP2,2088,0.7
SSP2,2089,0.5999999999999999
SSP2,2090,0.5
SSP2,2091,0.3999999999999999
SSP2,2092,0.2999999999999998
SSP2,2093,0.19999999999999996
SSP2,2094,0.09999999999999987
SSP2,2095,0.0
SSP2,2096,-0.10000000000000009
SSP2,2097,-0.20000000000000018
SSP2,2098,-0.30000000000000027
SSP2,2099,-0.40000000000000036
SSP2,2100,-0.5
SSP3,2025,8.0
SSP3,2026,7.96
SSP3,2027,7.92
SSP3,2028,7.88
SSP3,2029,7.84
SSP3,2030,7.8
SSP3,2031,7.76
SSP3,2032,7.72
SSP3,2033,7.68
SSP3,2034,7.64
SSP3,2035,7.6
SSP3,2036,7.56
SSP3,2037,7.52
SSP3,2038,7.48
SSP3,2039,7.4399999999999995
SSP3,2040,7.4
SSP3,2041,7.36
SSP3,2042,7.32
SSP3,2043,7.28
SSP3,2044,7.24
SSP3,2045,7.2
SSP3,2046,7.16
SSP3,2047,7.12
SSP3,2048,7.08
SSP3,2049,7.04
SSP3,2050,7.0
SSP3,2051,6.8
SSP3,2052,6.6
SSP3,2053,6.4
SSP3,2054,6.2
SSP3,2055,6.0
SSP3,2056,5.8
SSP3,2057,5.6
SSP3,2058,5.4
SSP3,2059,5.2
SSP3,2060,5.0
SSP3,2061,4.8
SSP3,2062,4.6
SSP3,2063,4.4
SSP3,2064,4.199999999999999
SSP3,2065,4.0
SSP3,2066,3.8
SSP3,2067,3.5999999999999996
SSP3,2068,3.4
SSP3,2069,3.1999999999999997
SSP3,2070,3.0
SSP3,2071,2.8
SSP3,2072,2.5999999999999996
SSP3,2073,2.3999999999999995
SSP3,2074,2.1999999999999993
SSP3,2075,2.0
SSP3,2076,1.96
SSP3,2077,1.92
SSP3,2078,1.88
SSP3,2079,1.84
SSP3,2080,1.8
SSP3,2081,1.76
SSP3,2082,1.72
SSP3,2083,1.68
SSP3,2084,1.6400000000000001
SSP3,2085,1.6
SSP3,2086,1.56
SSP3,2087,1.52
SSP3,2088,1.48
SSP3,2089,1.44
SSP3,2090,1.4
SSP3,2091,1.3599999999999999
SSP3,2092,1.3199999999999998
SSP3,2093,1.28
SSP3,2094,1.24
SSP3,2095,1.2
SSP3,2096,1.1600000000000001
SSP3,2097,1.12
SSP3,2098,1.08
SSP3,2099,1.04
SSP3,2100,1.0
